Position,Salary Grade,Type,W/Tax
Chief Executive Officer,,,
Executive Assistant,,,
Operations Manager,,,
Human Resource Officer,,,
Operations and  Facility Assistant,,,
Accounting Officer,,,
Sales Director,,,
Business Development Manager,,,
Sales Account Manager,,,
Technical Director,,,
Techical  Manager,,,
Lead Implementation Specialist,,,
Junior Implementation Specialist,,,
Lead -Technical Support Representative,,,
Technical Support Representative,,,
Lead Ð Software Engineer,,,
Senior Software Engineer,,,
Junior Software Engineer,,,
IT System Specialist,,,